customer_id,first_name,last_name,state
1,Chloe,Lewis,TX
2,Lily,Jones,PA
3,Charlotte,Carter,PA
4,Lily,Rodriguez,TX
5,Grace,Brown,FL
6,Sarah,Thomas,CA
7,Grace,Carter,CA
8,Karen,White,PA
9,Emma,Wright,NY
10,Emily,Lewis,PA
11,Grace,Baker,PA
12,Liam,Carter,CA
13,Harper,Rodriguez,TX
14,Jane,Williams,PA
15,Jessica,Robinson,TX
16,Laura,Young,TX
17,Elijah,Garcia,NY
18,Harper,Miller,TX
19,Benjamin,Baker,CA
20,Mia,Thomas,FL
21,Lily,Baker,FL
22,Michael,Clark,IL
23,Harper,Carter,PA
24,Jack,Mitchell,CA
25,William,Baker,TX
26,Jane,Harris,FL
27,Linda,Wright,CA
28,Charlotte,Moore,FL
29,Elijah,Garcia,TX
30,Noah,Thompson,FL
31,David,Robinson,PA
32,Grace,Johnson,PA
33,Sophia,Nelson,IL
34,Sarah,Johnson,IL
35,Robert,Green,FL
36,Mia,Walker,CA
37,Amelia,Robinson,PA
38,Jessica,Smith,CA
39,Ethan,Lee,CA
40,Daniel,Lee,FL
41,Olivia,Green,CA
42,Lily,White,PA
43,Ella,Taylor,TX
44,Isabella,Wright,IL
45,Emma,Wilson,TX
46,Laura,Adams,CA
47,William,Garcia,TX
48,James,Wright,PA
49,Henry,Martin,PA
50,Jessica,Robinson,CA
51,Charlotte,Gonzalez,FL
52,Liam,Gonzalez,TX
53,Robert,Moore,FL
54,Emma,Moore,FL
55,Jessica,Scott,NY
56,Mia,Perez,CA
57,Mia,Green,IL
58,Lucas,White,PA
59,Lucas,Nelson,PA
60,Ava,Miller,CA
61,Robert,Green,IL
62,Alexander,Allen,PA
63,David,Wilson,CA
64,Emma,Martin,PA
65,Amelia,Clark,FL
66,William,Wilson,TX
67,Jack,Jackson,TX
68,Emily,Johnson,PA
69,Sophia,Jones,NY
70,Jack,Jones,IL
71,Linda,Scott,IL
72,Karen,Nelson,IL
73,David,Thompson,FL
74,Ethan,Davis,IL
75,Lily,Williams,TX
76,Lucas,Johnson,FL
77,Liam,Jackson,CA
78,Sophia,Lee,IL
79,Olivia,Lewis,IL
80,Laura,Lewis,CA
81,Emma,Perez,IL
82,Elijah,Baker,CA
83,Emily,King,FL
84,Amelia,Adams,TX
85,Linda,Hall,CA
86,Amelia,Thompson,NY
87,Daniel,Thomas,CA
88,Liam,Mitchell,IL
89,Emily,Lee,FL
90,Isabella,Davis,PA
91,David,Lewis,FL
92,Sarah,Taylor,PA
93,Joseph,Johnson,CA
94,Emma,Carter,TX
95,Olivia,Lewis,NY
96,Emma,Jones,FL
97,Alexander,Nelson,IL
98,Joseph,Green,PA
99,Charlotte,Jackson,IL
100,Liam,Carter,TX
101,Noah,Harris,PA
102,Lily,Clark,FL
103,William,Perez,CA
104,Chloe,White,IL
105,Karen,Davis,TX
106,Lucas,Lewis,FL
107,Isabella,Perez,FL
108,James,Baker,FL
109,Isabella,Martinez,FL
110,Mason,Scott,PA
111,David,Scott,FL
112,Joseph,Martinez,IL
113,Ella,Harris,TX
114,Lily,Green,PA
115,Daniel,Rodriguez,FL
116,Ella,Walker,NY
117,William,Brown,NY
118,Chloe,Rodriguez,TX
119,Karen,Adams,CA
120,Noah,White,CA
121,Harper,Garcia,PA
122,Ethan,Wright,PA
123,Lily,Gonzalez,PA
124,Mason,Rodriguez,CA
125,Joseph,Green,NY
126,Isabella,Martinez,CA
127,Noah,Allen,IL
128,Ethan,Adams,FL
129,Mason,Brown,PA
130,Elijah,Taylor,NY
131,Lily,Miller,TX
132,Jessica,Anderson,TX
133,Mia,Martin,FL
134,Alexander,Scott,NY
135,Linda,Garcia,CA
136,Michael,Young,CA
137,Sarah,Allen,IL
138,Ethan,Jones,IL
139,Laura,Thompson,CA
140,Linda,Johnson,TX
141,Michael,Wright,PA
142,James,Anderson,TX
143,Lily,Adams,IL
144,Laura,Scott,FL
145,Lily,Clark,CA
146,Ethan,Carter,IL
147,Henry,Young,IL
148,Michael,Davis,PA
149,William,Clark,CA
150,James,Hall,PA
151,John,Miller,CA
152,Amelia,Moore,PA
153,Elijah,Hall,TX
154,Karen,Mitchell,FL
155,Jane,Miller,FL
156,Ethan,Young,CA
157,Joseph,Carter,NY
158,Robert,Johnson,IL
159,Emily,Wilson,IL
160,William,Smith,CA
161,Ethan,Lewis,PA
162,Karen,Nelson,NY
163,Sarah,Davis,TX
164,James,Harris,PA
165,James,Harris,PA
166,Liam,Allen,CA
167,Lucas,Martinez,CA
168,Robert,Johnson,IL
169,Lucas,Wilson,CA
170,Linda,Mitchell,CA
171,Amelia,Anderson,CA
172,Charlotte,Rodriguez,IL
173,Liam,Clark,TX
174,Daniel,Perez,TX
175,Amelia,Martinez,CA
176,Charlotte,White,IL
177,Sophia,Wilson,TX
178,Ethan,Davis,PA
179,Emma,Green,TX
180,Charlotte,Lewis,TX
181,Charlotte,Brown,IL
182,Daniel,Perez,PA
183,Henry,Jones,IL
184,Harper,Anderson,CA
185,Amelia,Johnson,FL
186,Laura,White,TX
187,Karen,Wilson,FL
188,Isabella,Miller,IL
189,Benjamin,Thompson,IL
190,Emily,Carter,IL
191,Ava,Rodriguez,FL
192,Sophia,Gonzalez,IL
193,Ethan,Anderson,CA
194,Isabella,Hall,IL
195,Lucas,White,NY
196,Henry,Taylor,FL
197,Linda,Hall,NY
198,David,Walker,IL
199,David,Rodriguez,CA
200,Jack,Carter,TX
201,Linda,Harris,PA
202,Lily,Davis,PA
203,James,Martinez,IL
204,Amelia,Young,CA
205,Robert,Allen,FL
206,Benjamin,Gonzalez,NY
207,Amelia,Thompson,NY
208,Ethan,Walker,NY
209,Henry,Jones,FL
210,Jessica,Moore,PA
211,Sarah,Nelson,CA
212,Jack,Clark,FL
213,Alexander,Carter,NY
214,Karen,Nelson,IL
215,Robert,Jones,TX
216,Olivia,Davis,FL
217,Joseph,Mitchell,FL
218,Linda,White,CA
219,Robert,Moore,CA
220,Harper,Gonzalez,FL
221,William,Anderson,NY
222,Jack,Clark,TX
223,Joseph,Perez,CA
224,Harper,Anderson,NY
225,Emily,Garcia,IL
226,Michael,Garcia,CA
227,Lucas,Lewis,NY
228,Mia,Walker,NY
229,Emily,Young,TX
230,Henry,Martinez,TX
231,Emily,Allen,IL
232,David,Martin,NY
233,Grace,Miller,PA
234,Alexander,Anderson,NY
235,Jane,Brown,TX
236,Ethan,Young,PA
237,Jack,Davis,CA
238,Ella,Clark,CA
239,Ava,Green,FL
240,Emma,Thomas,TX
241,Lucas,Mitchell,FL
242,Olivia,Anderson,PA
243,Isabella,Baker,TX
244,James,Baker,IL
245,Jessica,Robinson,NY
246,John,Gonzalez,IL
247,Michael,Perez,PA
248,Grace,Young,TX
249,Grace,Nelson,PA
250,Ella,Martinez,NY
251,Liam,Jones,CA
252,James,Harris,CA
253,Alexander,Carter,PA
254,Charlotte,Nelson,FL
255,Alexander,Hall,TX
256,John,Moore,TX
257,William,White,CA
258,Michael,Lee,IL
259,Jack,Williams,NY
260,Joseph,Moore,IL
261,Joseph,Baker,IL
262,Emma,Lewis,PA
263,Henry,Walker,CA
264,Jane,Garcia,CA
265,Charlotte,Wright,CA
266,Linda,Thompson,PA
267,Noah,Moore,FL
268,Mia,Jones,IL
269,Joseph,Anderson,PA
270,Olivia,King,TX
271,Jane,Scott,NY
272,Harper,Mitchell,FL
273,Elijah,Clark,TX
274,Isabella,Jones,IL
275,Mason,Nelson,CA
276,John,Jones,IL
277,Chloe,Nelson,PA
278,Lucas,Walker,NY
279,David,Young,PA
280,Benjamin,Nelson,FL
281,Chloe,Rodriguez,FL
282,William,Harris,NY
283,Karen,Clark,TX
284,Joseph,Anderson,TX
285,Robert,Clark,FL
286,Karen,Thomas,FL
287,Mason,White,CA
288,Harper,Williams,TX
289,David,Robinson,NY
290,Karen,Mitchell,TX
291,Sophia,Gonzalez,CA
292,Sophia,Lee,PA
293,Henry,Walker,FL
294,Lily,Johnson,FL
295,Charlotte,Anderson,CA
296,David,Thomas,NY
297,William,Martin,FL
298,Alexander,Lewis,IL
299,Daniel,Martin,FL
300,Charlotte,Baker,IL
301,Elijah,Wright,CA
302,Noah,Moore,CA
303,Karen,Lewis,FL
304,William,Jones,TX
305,Mia,Young,IL
306,Isabella,Miller,NY
307,Ethan,Walker,FL
308,Jessica,Carter,NY
309,Lily,Miller,FL
310,Laura,Clark,TX
311,Linda,Baker,TX
312,Alexander,Carter,TX
313,Ethan,Wilson,PA
314,Isabella,Johnson,TX
315,Ella,Clark,CA
316,Alexander,Robinson,CA
317,Emma,Jackson,PA
318,Noah,Thomas,IL
319,Ethan,Williams,NY
320,Liam,Williams,FL
321,Emma,Johnson,FL
322,Karen,White,PA
323,William,Williams,CA
324,Harper,Young,FL
325,Olivia,Wilson,CA
326,Sophia,Wright,IL
327,Lucas,Anderson,NY
328,Mason,Harris,IL
329,Daniel,Thompson,PA
330,John,Taylor,TX
331,Karen,Perez,TX
332,James,Wright,TX
333,Joseph,Martin,IL
334,William,Garcia,FL
335,Benjamin,Wright,NY
336,Robert,Smith,TX
337,Liam,Perez,PA
338,Lily,Smith,PA
339,Michael,Nelson,TX
340,Jane,Gonzalez,TX
341,Jack,Walker,NY
342,Sophia,Martinez,TX
343,Joseph,Adams,NY
344,Jane,Davis,PA
345,Amelia,Mitchell,TX
346,Jane,Walker,IL
347,Amelia,Wright,IL
348,Joseph,Allen,PA
349,John,Garcia,NY
350,Linda,Anderson,IL
351,Emma,Walker,NY
352,James,Rodriguez,IL
353,Elijah,King,IL
354,Harper,Walker,NY
355,Alexander,Lewis,FL
356,Michael,Taylor,IL
357,John,Scott,TX
358,Noah,Perez,PA
359,Amelia,Lee,FL
360,Amelia,Walker,NY
361,Michael,Davis,FL
362,John,Hall,CA
363,Jessica,Lewis,CA
364,Mia,Garcia,IL
365,Linda,Adams,IL
366,Emily,Anderson,TX
367,Sophia,Jones,PA
368,Linda,Wright,FL
369,Ethan,Young,CA
370,Jane,Williams,IL
371,Henry,Robinson,PA
372,Alexander,Young,FL
373,Laura,Carter,IL
374,Isabella,Taylor,IL
375,Laura,Robinson,CA
376,Emma,Nelson,CA
377,Ella,Jackson,IL
378,Emma,Garcia,NY
379,Ethan,Lee,IL
380,Mia,Wright,PA
381,Lily,Martin,IL
382,Karen,Anderson,TX
383,Joseph,Perez,TX
384,Emma,Young,TX
385,Ethan,Johnson,NY
386,Michael,Harris,NY
387,Jessica,Adams,IL
388,Sarah,Allen,TX
389,Ava,Rodriguez,NY
390,Jack,Wright,CA
391,Jane,Robinson,IL
392,John,Lee,PA
393,Emily,Smith,FL
394,Charlotte,Mitchell,IL
395,Robert,Perez,FL
396,Emma,Lee,TX
397,Sophia,Smith,FL
398,Daniel,Harris,TX
399,James,Martin,CA
400,John,Brown,FL
401,Chloe,Brown,IL
402,David,Rodriguez,TX
403,William,Anderson,IL
404,Lucas,Adams,NY
405,Karen,Harris,TX
406,David,Martinez,FL
407,Elijah,Allen,TX
408,Jane,Martinez,IL
409,Emily,Wilson,CA
410,Isabella,Allen,TX
411,James,Allen,FL
412,Jane,Carter,NY
413,Emily,Anderson,PA
414,Sophia,Anderson,CA
415,Ethan,Smith,NY
416,Robert,Jones,TX
417,Sophia,Smith,IL
418,Benjamin,Nelson,IL
419,Liam,Miller,FL
420,Emma,Baker,IL
421,Ella,Mitchell,CA
422,Isabella,Moore,IL
423,Mason,Miller,FL
424,Charlotte,Perez,PA
425,Ava,Martinez,TX
426,Grace,Perez,TX
427,Sophia,Martin,IL
428,Linda,Garcia,NY
429,Robert,Miller,TX
430,Jane,Walker,PA
431,Chloe,Scott,IL
432,Ethan,Lewis,FL
433,Joseph,Lewis,PA
434,Laura,Adams,IL
435,Jessica,Baker,PA
436,Henry,Moore,TX
437,Jessica,Martinez,FL
438,John,Adams,IL
439,Isabella,Green,CA
440,Chloe,Thomas,FL
441,Grace,White,CA
442,James,Jackson,PA
443,Liam,Taylor,NY
444,Benjamin,Adams,FL
445,Sarah,Young,PA
446,Ella,Clark,CA
447,William,Clark,TX
448,Jessica,King,TX
449,Lucas,Green,NY
450,Alexander,Harris,FL
451,Jane,Rodriguez,FL
452,James,Walker,FL
453,Benjamin,Garcia,PA
454,Jack,Nelson,NY
455,Benjamin,Harris,FL
456,John,Martin,PA
457,Charlotte,Jackson,TX
458,Joseph,Hall,CA
459,Henry,Taylor,PA
460,James,Williams,TX
461,Chloe,Taylor,TX
462,Liam,Hall,CA
463,Henry,Thompson,TX
464,Jessica,Brown,NY
465,Jane,Nelson,CA
466,Benjamin,Martin,TX
467,Charlotte,Rodriguez,IL
468,Grace,Williams,PA
469,Lily,Miller,TX
470,Ethan,Clark,NY
471,Sophia,Walker,FL
472,Grace,Carter,TX
473,Robert,Anderson,FL
474,Ava,Miller,IL
475,Emma,Rodriguez,TX
476,Mason,Thomas,CA
477,Olivia,Taylor,FL
478,John,Martinez,IL
479,Emma,Martin,CA
480,Ava,Jones,CA
481,Ella,Davis,CA
482,Emily,Davis,CA
483,Noah,Garcia,TX
484,Jessica,Gonzalez,PA
485,Lily,Allen,TX
486,Elijah,Williams,TX
487,Lucas,Davis,IL
488,Emma,King,IL
489,Jessica,Young,PA
490,Charlotte,Young,IL
491,Laura,Hall,NY
492,Harper,Robinson,PA
493,Mason,Martin,IL
494,Karen,Lee,PA
495,Ethan,Jackson,TX
496,Jane,Green,TX
497,Isabella,Wilson,PA
498,Mia,Nelson,NY
499,Chloe,Anderson,NY
500,Ava,Jackson,PA
501,Michael,King,IL
502,Lucas,King,FL
503,Elijah,Baker,NY
504,John,Martinez,CA
505,Lucas,Martin,TX
506,Sarah,Scott,PA
507,Michael,Allen,CA
508,Ava,White,PA
509,Charlotte,King,TX
510,Lily,Lewis,TX
511,Chloe,Young,NY
512,Lucas,Mitchell,NY
513,Henry,Taylor,CA
514,Jane,Hall,PA
515,Sarah,Lewis,TX
516,Michael,Perez,CA
517,Laura,Garcia,FL
518,Mia,Jones,CA
519,Isabella,Anderson,IL
520,Lily,Jackson,CA
521,Emily,Walker,IL
522,Ella,Miller,IL
523,Mason,Wright,IL
524,Emma,Davis,FL
525,Emma,Green,CA
526,Olivia,Carter,CA
527,Harper,Clark,FL
528,Lily,King,TX
529,Karen,Walker,NY
530,David,Taylor,CA
531,Liam,Martinez,NY
532,Isabella,Jones,PA
533,William,King,PA
534,Isabella,Thompson,FL
535,Jane,Baker,PA
536,William,Brown,PA
537,Chloe,Davis,TX
538,Benjamin,Mitchell,TX
539,Lily,Gonzalez,TX
540,Mason,Jones,PA
541,Chloe,Allen,FL
542,Emily,Smith,IL
543,Ethan,Martin,IL
544,David,Walker,NY
545,Mason,Jones,IL
546,Michael,Nelson,IL
547,Lucas,Anderson,TX
548,Ava,Garcia,TX
549,Jessica,Lewis,PA
550,Mason,Brown,NY
551,Jack,Perez,CA
552,Emma,Thompson,NY
553,Emily,Jackson,NY
554,Olivia,Jones,FL
555,Grace,Wright,PA
556,Sophia,Harris,FL
557,Olivia,Wilson,NY
558,Joseph,Davis,NY
559,John,Jones,NY
560,Ethan,Hall,IL
561,Olivia,Walker,FL
562,Mason,Clark,NY
563,Liam,King,TX
564,Grace,Taylor,PA
565,Noah,Robinson,PA
566,Olivia,Robinson,TX
567,Harper,Walker,PA
568,David,Miller,IL
569,Linda,Brown,IL
570,David,Miller,CA
571,Harper,Wright,CA
572,Sophia,Young,CA
573,Emily,Thompson,PA
574,Mason,Allen,IL
575,Laura,Garcia,IL
576,Michael,Robinson,IL
577,Noah,Johnson,TX
578,Michael,Rodriguez,IL
579,Noah,Garcia,TX
580,Lily,Wilson,CA
581,Karen,Anderson,CA
582,James,Lewis,PA
583,Joseph,Scott,CA
584,Ava,Clark,PA
585,Jack,Hall,NY
586,Elijah,Lee,NY
587,Michael,Nelson,FL
588,Amelia,Nelson,PA
589,Emma,Thompson,FL
590,Jack,Baker,FL
591,Joseph,White,NY
592,Liam,Allen,PA
593,Linda,Walker,NY
594,Ava,Wilson,FL
595,John,Wilson,PA
596,Alexander,Carter,FL
597,Lucas,Robinson,IL
598,Ella,Garcia,PA
599,Michael,Adams,PA
600,Jessica,Johnson,FL
601,Linda,Perez,IL
602,Liam,Davis,TX
603,Ava,Miller,NY
604,Henry,Williams,FL
605,William,Gonzalez,PA
606,Benjamin,Scott,NY
607,Isabella,Perez,NY
608,Robert,White,NY
609,Mia,Nelson,TX
610,Henry,Robinson,CA
611,James,Garcia,FL
612,Karen,Young,CA
613,Karen,Mitchell,CA
614,Jessica,Mitchell,CA
615,Elijah,Baker,NY
616,Laura,Lewis,IL
617,Ava,Green,NY
618,David,Harris,NY
619,Ethan,King,PA
620,Elijah,Mitchell,PA
621,Benjamin,Anderson,CA
622,Mason,Martin,NY
623,Lucas,Mitchell,CA
624,Olivia,Perez,PA
625,Ella,Scott,IL
626,Benjamin,Brown,FL
627,Linda,Jones,CA
628,Lily,Hall,IL
629,Henry,Taylor,FL
630,Henry,Allen,TX
631,Ella,Miller,CA
632,Chloe,Brown,CA
633,Olivia,Gonzalez,TX
634,Karen,Baker,TX
635,Mason,Young,CA
636,Olivia,Gonzalez,TX
637,David,Brown,NY
638,Lily,Harris,FL
639,Alexander,Adams,FL
640,Michael,Young,FL
641,Emma,Young,NY
642,Sophia,Robinson,TX
643,Robert,Young,IL
644,Sarah,Harris,TX
645,Grace,Clark,CA
646,Lucas,Gonzalez,PA
647,John,Jones,FL
648,Alexander,Allen,TX
649,Elijah,Taylor,IL
650,Ella,White,CA
651,Benjamin,Jackson,NY
652,Benjamin,Johnson,NY
653,Lily,King,IL
654,Daniel,Smith,CA
655,Mason,Thompson,FL
656,Mia,Young,TX
657,John,Martinez,CA
658,John,Adams,NY
659,Jack,Jones,IL
660,Amelia,Hall,IL
661,Karen,Lee,TX
662,Charlotte,Miller,IL
663,Ethan,Hall,IL
664,Ava,Martin,CA
665,Olivia,White,FL
666,Alexander,Carter,TX
667,Mason,Thomas,CA
668,Jane,Anderson,FL
669,Harper,Smith,CA
670,Joseph,Gonzalez,PA
671,Karen,Green,CA
672,Jack,Adams,IL
673,Linda,Brown,FL
674,Laura,Adams,TX
675,Lily,Johnson,TX
676,Mia,Adams,FL
677,Emily,Lee,IL
678,Liam,Jackson,NY
679,Grace,Adams,CA
680,John,Miller,IL
681,Benjamin,Gonzalez,PA
682,Laura,Martinez,FL
683,Daniel,Baker,CA
684,Ella,Baker,TX
685,Linda,Hall,NY
686,Jack,Davis,PA
687,Olivia,Hall,TX
688,Olivia,Gonzalez,FL
689,William,Lewis,CA
690,Henry,Allen,FL
691,Daniel,Taylor,CA
692,Henry,Nelson,IL
693,Benjamin,Wright,NY
694,Mason,Baker,IL
695,John,Perez,IL
696,Emma,Adams,FL
697,Amelia,Moore,NY
698,Ava,Smith,CA
699,Amelia,Adams,CA
700,Robert,Miller,PA
701,David,Moore,TX
702,Jane,Martin,PA
703,Ella,Wright,PA
704,Sophia,Garcia,CA
705,Amelia,Lee,FL
706,Daniel,White,IL
707,Amelia,King,IL
708,James,Carter,IL
709,John,Mitchell,NY
710,Alexander,Martinez,CA
711,Robert,Davis,FL
712,Lily,Brown,NY
713,Jessica,Anderson,TX
714,Elijah,Miller,FL
715,Ava,Taylor,PA
716,Chloe,Garcia,FL
717,Mason,Adams,FL
718,Mason,Harris,IL
719,Ethan,Anderson,FL
720,Sophia,Garcia,PA
721,Mia,King,PA
722,Emma,Williams,CA
723,Henry,Wright,FL
724,Jack,Jackson,IL
725,Karen,Hall,FL
726,Mia,Martinez,TX
727,Mia,Anderson,TX
728,Elijah,Brown,IL
729,Michael,Walker,CA
730,Benjamin,King,CA
731,Lily,Rodriguez,PA
732,David,Walker,PA
733,Joseph,Green,NY
734,Charlotte,Gonzalez,IL
735,Liam,Thompson,FL
736,Ava,Hall,IL
737,David,Williams,NY
738,Michael,Nelson,PA
739,Laura,Adams,IL
740,Michael,Scott,IL
741,Olivia,Miller,PA
742,Noah,Robinson,NY
743,Joseph,Martinez,PA
744,Jack,Brown,CA
745,Emily,Green,FL
746,James,Thompson,PA
747,Linda,Wilson,NY
748,Mia,Gonzalez,TX
749,Ethan,Davis,CA
750,Mason,Jones,TX
751,Amelia,Baker,PA
752,Jane,Smith,CA
753,Liam,Young,FL
754,Jessica,Allen,PA
755,Lucas,Clark,FL
756,Grace,Walker,IL
757,Daniel,Lee,TX
758,Michael,Young,CA
759,William,Johnson,FL
760,Mia,Miller,NY
761,Linda,Anderson,FL
762,Joseph,Wright,NY
763,Karen,Martinez,PA
764,William,Davis,CA
765,Charlotte,Martin,FL
766,Jessica,Martinez,FL
767,Sophia,Hall,CA
768,Emma,Harris,FL
769,Sophia,Baker,NY
770,Linda,White,FL
771,Linda,Brown,TX
772,Olivia,Mitchell,PA
773,David,Robinson,IL
774,Sarah,Mitchell,NY
775,Ethan,Thomas,TX
776,Lucas,Carter,PA
777,Laura,Miller,CA
778,Ethan,Baker,NY
779,Sarah,Green,IL
780,Isabella,Moore,PA
781,Henry,Carter,IL
782,Jack,Moore,CA
783,Ella,Martinez,CA
784,William,Perez,NY
785,Noah,Thomas,FL
786,Emily,Wilson,CA
787,Emma,Thomas,PA
788,Isabella,Carter,FL
789,Sarah,Martin,TX
790,William,Williams,IL
791,Ella,Wilson,FL
792,Joseph,Anderson,IL
793,Noah,Garcia,FL
794,Jane,Taylor,TX
795,Elijah,Adams,CA
796,Sarah,Harris,TX
797,Charlotte,Lewis,CA
798,Jane,Thomas,CA
799,Ella,Young,IL
800,Michael,Williams,PA
801,Mia,Smith,TX
802,Ava,Gonzalez,FL
803,Sarah,Smith,TX
804,Emily,Nelson,IL
805,Jack,Wright,CA
806,Ethan,Wright,IL
807,Olivia,Taylor,NY
808,James,White,NY
809,Karen,Lee,FL
810,Ava,Robinson,IL
811,Chloe,Robinson,FL
812,Noah,Adams,FL
813,Ella,Thomas,NY
814,Harper,Brown,FL
815,Noah,Lewis,NY
816,Alexander,Martin,CA
817,Elijah,Allen,IL
818,Amelia,Moore,FL
819,Olivia,White,NY
820,Jane,King,TX
821,William,White,FL
822,Michael,Scott,PA
823,Henry,Miller,CA
824,Jessica,Moore,CA
825,Amelia,White,TX
826,James,Martinez,NY
827,Lucas,Baker,FL
828,Olivia,Taylor,NY
829,Noah,Martin,CA
830,Daniel,Carter,NY
831,Alexander,Lewis,CA
832,Liam,Carter,NY
833,Harper,Scott,TX
834,Lily,Johnson,IL
835,Mia,Rodriguez,TX
836,Emma,Jones,TX
837,Henry,Adams,IL
838,Ella,Rodriguez,IL
839,Chloe,Scott,FL
840,Isabella,Thomas,FL
841,Elijah,Adams,TX
842,Charlotte,Robinson,TX
843,Laura,Moore,CA
844,Mason,Lewis,CA
845,James,Adams,FL
846,Karen,Martinez,PA
847,Ella,Adams,PA
848,Alexander,Brown,FL
849,Linda,Clark,CA
850,Amelia,Green,CA
851,Emily,Martinez,PA
852,Chloe,Rodriguez,NY
853,Lily,Garcia,NY
854,Jane,Nelson,CA
855,Harper,Walker,NY
856,David,Nelson,IL
857,Jessica,Martin,FL
858,Karen,Hall,FL
859,Isabella,Jackson,CA
860,Sarah,Green,TX
861,Amelia,Williams,PA
862,Ella,Nelson,CA
863,Henry,Carter,NY
864,Laura,Martinez,PA
865,Ava,White,TX
866,Ava,Clark,NY
867,Sophia,Green,IL
868,Lily,Lee,NY
869,Olivia,Martin,IL
870,Sarah,Carter,PA
871,David,Wilson,IL
872,Ella,King,PA
873,Liam,Brown,PA
874,Jack,White,PA
875,Isabella,Lee,PA
876,Daniel,Taylor,PA
877,Linda,Brown,NY
878,Harper,Anderson,PA
879,Joseph,Adams,NY
880,Lucas,King,PA
881,Henry,Baker,IL
882,Lily,Johnson,PA
883,Sarah,Lee,TX
884,Michael,Perez,PA
885,Mason,Clark,PA
886,Charlotte,Wilson,IL
887,Emily,Taylor,FL
888,Ava,Anderson,IL
889,Liam,White,TX
890,Robert,Brown,FL
891,Daniel,Walker,CA
892,Olivia,Hall,CA
893,James,Mitchell,TX
894,Linda,Baker,IL
895,James,Wright,NY
896,Harper,Thompson,TX
897,Benjamin,Nelson,FL
898,Sophia,Adams,FL
899,James,Scott,PA
900,William,Garcia,CA
901,Ava,Thomas,FL
902,Lucas,Davis,TX
903,Jessica,Anderson,FL
904,Jane,Hall,TX
905,Lucas,Wilson,NY
906,Emily,Green,PA
907,Ava,Lewis,CA
908,Lucas,Brown,FL
909,Linda,Wright,TX
910,Daniel,Jones,IL
911,Daniel,Carter,CA
912,Charlotte,Davis,NY
913,Joseph,Rodriguez,TX
914,Isabella,Hall,PA
915,Elijah,King,PA
916,Robert,King,NY
917,Noah,Brown,NY
918,Ethan,Martinez,PA
919,Lily,Williams,FL
920,Olivia,White,FL
921,Ava,Lewis,TX
922,James,Allen,IL
923,David,Carter,TX
924,Mason,Jackson,IL
925,David,Rodriguez,NY
926,Charlotte,Anderson,CA
927,Sophia,Harris,TX
928,Grace,King,TX
929,David,Harris,IL
930,Robert,Walker,NY
931,Karen,Clark,NY
932,Joseph,Moore,IL
933,Ethan,Walker,NY
934,Mason,Young,PA
935,Olivia,Lewis,FL
936,Olivia,King,PA
937,Jack,Wright,CA
938,John,Walker,TX
939,John,Robinson,CA
940,Amelia,Gonzalez,TX
941,Isabella,Smith,FL
942,Linda,Perez,NY
943,Alexander,Lee,PA
944,Ava,King,IL
945,Chloe,Walker,PA
946,Charlotte,Martinez,FL
947,Sophia,Martinez,CA
948,Robert,Adams,IL
949,Ava,Lewis,NY
950,Sophia,Perez,FL
951,Ella,Gonzalez,IL
952,Lucas,Young,FL
953,Lily,Carter,FL
954,Charlotte,Williams,NY
955,Olivia,Thomas,TX
956,Laura,Wilson,IL
957,Henry,Baker,NY
958,Alexander,Davis,FL
959,Ava,Johnson,NY
960,Mia,Clark,TX
961,Sophia,Anderson,PA
962,John,Adams,IL
963,Joseph,Jackson,TX
964,Elijah,Harris,CA
965,Emma,Thomas,IL
966,Emma,Lewis,TX
967,Olivia,Garcia,FL
968,Olivia,Walker,IL
969,Noah,King,IL
970,Liam,Robinson,NY
971,Jack,Martinez,FL
972,William,Mitchell,CA
973,John,Nelson,PA
974,Emma,White,TX
975,David,Baker,NY
976,Mason,Wright,TX
977,Jack,Taylor,CA
978,William,Wilson,CA
979,David,Johnson,IL
980,Linda,Rodriguez,CA
981,Linda,Lee,TX
982,Alexander,Davis,FL
983,Linda,Brown,FL
984,Benjamin,Wright,IL
985,John,Wright,PA
986,Robert,Green,TX
987,David,Williams,TX
988,Liam,Thomas,CA
989,William,Hall,TX
990,Grace,Thomas,NY
991,Sarah,Baker,PA
992,Linda,Moore,CA
993,Sarah,Wilson,NY
994,Daniel,Rodriguez,IL
995,Joseph,Moore,FL
996,Robert,Mitchell,IL
997,Michael,Lee,FL
998,Isabella,Thomas,IL
999,Joseph,Thomas,TX
1000,Ava,Garcia,NY
1001,Alexander,Thompson,FL
1002,Benjamin,Carter,CA
1003,William,Scott,NY
1004,David,Moore,CA
1005,David,Perez,NY
1006,Ethan,Green,NY
1007,Robert,Carter,IL
1008,Noah,Martinez,FL
1009,Mia,Nelson,FL
1010,Olivia,Williams,NY
1011,Elijah,Lee,TX
1012,Jane,Nelson,TX
1013,Amelia,Hall,CA
1014,Amelia,Robinson,CA
1015,Ella,White,IL
1016,Charlotte,Green,NY
1017,Emma,Wilson,CA
1018,Isabella,Carter,CA
1019,Alexander,Carter,PA
1020,Jessica,Anderson,NY
1021,Ava,Davis,IL
1022,Jessica,Carter,CA
1023,Lily,Green,IL
1024,Mia,Adams,FL
1025,Daniel,Thompson,IL
1026,Elijah,Baker,TX
1027,Mia,Gonzalez,TX
1028,Chloe,Mitchell,IL
1029,Ava,Rodriguez,TX
1030,Laura,Mitchell,FL
1031,James,Johnson,NY
1032,John,Green,TX
1033,Charlotte,Lewis,TX
1034,Isabella,Jackson,IL
1035,Noah,Young,FL
1036,Emma,Martin,NY
1037,Jane,Jackson,IL
1038,Joseph,Lee,IL
1039,Linda,Jones,PA
1040,Jane,Mitchell,FL
1041,David,Green,NY
1042,Noah,Hall,FL
1043,James,Harris,NY
1044,David,Martin,FL
1045,Sophia,Smith,IL
1046,Charlotte,Young,IL
1047,Mia,Thompson,CA
1048,Jessica,Martin,TX
1049,William,Scott,PA
1050,Laura,Carter,FL
1051,Chloe,Martin,PA
1052,Emily,Jones,CA
1053,Karen,Lee,TX
1054,Linda,Allen,FL
1055,Grace,Gonzalez,NY
1056,Emma,Baker,TX
1057,Chloe,Clark,IL
1058,Ava,Jackson,CA
1059,Sarah,Moore,TX
1060,Sarah,Miller,TX
1061,Benjamin,King,IL
1062,Chloe,Lewis,FL
1063,Daniel,Garcia,NY
1064,Ella,Lee,IL
1065,Grace,Brown,NY
1066,Amelia,Lee,FL
1067,Emma,Clark,TX
1068,Amelia,King,NY
1069,Mason,Adams,CA
1070,Grace,Taylor,CA
1071,Joseph,Clark,IL
1072,Liam,Garcia,FL
1073,Grace,Wright,IL
1074,Sarah,Nelson,IL
1075,Lily,Adams,PA
1076,Harper,Jackson,IL
1077,Joseph,Brown,PA
1078,Ella,Davis,CA
1079,John,Robinson,CA
1080,John,Carter,IL
1081,Jack,Thomas,CA
1082,Noah,Thomas,FL
1083,Linda,Jackson,PA
1084,Daniel,Brown,PA
1085,Jessica,Robinson,IL
1086,Lucas,Wright,CA
1087,Jack,Thompson,NY
1088,Ethan,Clark,PA
1089,Harper,Jones,IL
1090,Liam,Rodriguez,IL
1091,Joseph,Miller,FL
1092,Liam,Nelson,TX
1093,Chloe,Allen,TX
1094,Harper,White,PA
1095,Sarah,Harris,FL
1096,John,Martinez,FL
1097,Amelia,Garcia,FL
1098,Alexander,Adams,PA
1099,Liam,Moore,TX
1100,Robert,Martin,FL
1101,Olivia,Robinson,CA
1102,Ella,Lewis,IL
1103,Charlotte,Mitchell,IL
1104,Henry,Nelson,NY
1105,Benjamin,Davis,NY
1106,Charlotte,Thomas,PA
1107,Isabella,Rodriguez,PA
1108,Karen,Carter,IL
1109,Daniel,Martin,CA
1110,Emma,Lee,TX
1111,Emily,Lee,TX
1112,Ethan,Taylor,PA
1113,Lily,Wright,CA
1114,Charlotte,Jackson,PA
1115,Lucas,Taylor,TX
1116,David,Hall,PA
1117,Michael,Brown,FL
1118,Charlotte,Martinez,PA
1119,Grace,Thompson,IL
1120,Daniel,Smith,PA
1121,Liam,Green,IL
